<?xml version="1.0"?>
<data grt_format="2.0">
  <value _ptr_="0000026CBECF19F0" type="list" content-type="object" content-struct-name="db.mgmt.Connection">
    <value type="object" struct-name="db.mgmt.Connection" id="{FBA23028-F98E-46DD-B718-9E962E4A3736}" struct-checksum="0x96ba47d8">
      <link type="object" struct-name="db.mgmt.Driver" key="driver">com.mysql.rdbms.mysql.driver.native</link>
      <value type="string" key="hostIdentifier">Mysql@localhost:3306</value>
      <value type="int" key="isDefault">0</value>
      <value _ptr_="0000026CC1D09600" type="dict" key="modules"/>
      <value _ptr_="0000026CC1D09720" type="dict" key="parameterValues">
        <value type="string" key="hostName">localhost</value>
        <value type="int" key="lastConnected">1698350344</value>
        <value type="int" key="port">3306</value>
        <value type="string" key="serverVersion">8.0.35</value>
        <value type="string" key="userName">root</value>
      </value>
      <value type="string" key="name">Local instance MySQL80</value>
    </value>
  </value>
</data>
