<?xml version="1.0"?>
<data grt_format="2.0">
  <value _ptr_="0000026CBECF20F0" type="list" content-type="object" content-struct-name="db.mgmt.ServerInstance">
    <value type="object" struct-name="db.mgmt.ServerInstance" id="{22DA0687-44C3-4F1E-8046-F6AF04D38087}" struct-checksum="0x367436e2">
      <link type="object" struct-name="db.mgmt.Connection" key="connection">{FBA23028-F98E-46DD-B718-9E962E4A3736}</link>
      <value _ptr_="0000026CC1D092A0" type="dict" key="loginInfo">
        <value type="string" key="wmi.hostName"></value>
        <value type="string" key="wmi.userName"></value>
      </value>
      <value _ptr_="0000026CC1D09F00" type="dict" key="serverInfo">
        <value type="int" key="setupPending">1</value>
        <value type="string" key="sys.config.path">C:\ProgramData\MySQL\MySQL Server 8.0\my.ini</value>
        <value type="int" key="sys.config.path.lock">1</value>
        <value type="string" key="sys.config.section">mysqld</value>
        <value type="string" key="sys.mysqld.service_name">MySQL80</value>
        <value type="string" key="sys.preset">Custom</value>
        <value type="string" key="sys.system">Windows</value>
        <value type="int" key="windowsAdmin">1</value>
      </value>
      <value type="string" key="name">Local MySQL80</value>
      <link type="object" struct-name="GrtObject" key="owner">{A1F8BC54-AFA1-43C8-AA5B-A7C3576A4346}</link>
    </value>
  </value>
</data>
